Rating,Review,Type
5.0,"Absolutely love this protein shake! It's been a game-changer for my post-workout recovery. The taste is just phenomenal - smooth, creamy, and just the right amount of sweetness. Highly recommend!",Positive
4.5,"This protein shake is fantastic! It mixes really well, no clumps at all, and the chocolate flavor is to die for. It's like a treat after every workout.",Positive
5.0,"Impressed with the quality of this protein shake. It's not only delicious but also packed with essential nutrients that have helped improve my muscle recovery. Plus, it's vegan!",Positive
4.0,Great protein shake for those on the go. It keeps me full and energized throughout the morning. Lost half a star because I wish there were more flavor options.,Positive
4.8,"I was skeptical at first, but this protein shake has exceeded my expectations. The texture is perfect, and it doesn't have that gritty feel some other brands do. A staple in my fitness regimen now.",Positive
5.0,"This shake has become my go-to protein source. It's incredibly effective for muscle gain and tastes amazing. Also, it's easy on the stomach, which is a big plus for me.",Positive
4.7,"Love how this protein shake doesn't compromise on taste or nutrition. It's been a great addition to my diet, helping me hit my protein goals easily.",Positive
4.5,"Finally, a protein shake that doesn't taste artificial! It's smooth, delicious, and works wonders for recovery. Just wish it was a bit less expensive.",Positive
5.0,"This protein shake is a lifesaver for busy mornings. It's quick, nutritious, and keeps me satisfied till lunch. The vanilla flavor is just perfect!",Positive
4.3,"A solid protein shake with excellent nutritional profile. It has helped me a lot with my weight training. Docking a bit for the packaging, which could be more eco-friendly.",Positive
2.0,"Wanted to love this protein shake, but the taste just isn't for me. It's too sweet and has a weird aftertaste. Disappointing.",Negative
1.5,"Had high hopes, but this shake causes me digestive issues every time I try it. Also, the texture is too gritty for my liking.",Negative
2.5,"The protein content is decent, but the flavor misses the mark. It also doesn't mix well, leaving clumps no matter how much I shake it.",Negative
1.0,"Extremely disappointed with this protein shake. The flavor is artificial, and it's overpriced for the quality you get.",Negative
2.0,Not a fan of this protein shake. It's chalky and the taste is mediocre at best. There are better options out there.,Negative
3.0,"It's an average protein shake. Does the job, but I'm not impressed with the taste or the price point. Will likely switch to another brand.",Negative
2.8,"Expected more from this protein shake. The nutritional profile is good, but it's hard to get past the unappealing flavor and texture.",Negative
1.5,"Gave this protein shake a chance, but it's not for me. Causes bloating and the flavors are too artificial. Not recommended.",Negative
2.0,"This protein shake is a miss. The consistency is off, and it doesn't mix well in water or milk. Plus, the taste could be much better.",Negative
3.0,"Okay as a protein source, but there's room for improvement. The taste is just okay and it's a bit too pricey for what it offers.",Negative
